attendance_percentage,internal_marks,assignment_score,previous_cgpa,backlogs,class_participation,risk_score,risk_level
72.36,72.35,72.34,5.98,0,48.25,33,LOW
83.46,71.84,76.49,7.13,1,67.51,33,LOW
88.91,90.27,94.05,9.07,0,89.48,9,LOW
85.78,89.1,87.1,8.76,0,73.48,13,LOW
56.78,35.39,59.24,6.62,3,55.83,70,MEDIUM
79.1,68.84,84.29,7.03,0,49.09,27,LOW
74.15,67.54,74.0,7.66,1,63.77,35,LOW
78.56,71.16,75.13,7.72,0,82.26,24,LOW
86.5,75.49,85.96,7.3,0,51.45,22,LOW
83.58,69.3,89.22,7.34,0,46.1,24,LOW
82.98,99.59,86.52,8.16,0,91.26,13,LOW
77.7,73.34,72.62,6.49,2,51.59,46,MEDIUM
80.14,56.52,58.5,6.76,0,46.76,33,LOW
84.92,77.51,89.87,8.2,0,65.85,18,LOW
90.32,66.96,76.35,8.62,0,61.98,19,LOW
67.75,58.16,64.07,7.53,2,52.24,50,MEDIUM
73.33,63.94,77.12,6.79,0,61.32,31,LOW
81.67,86.97,95.69,9.63,0,90.78,10,LOW
73.44,83.65,78.35,8.44,0,77.95,20,LOW
87.53,65.44,81.97,8.18,0,80.76,20,LOW
76.97,49.57,58.17,6.5,1,40.52,45,LOW
57.55,45.55,55.39,4.54,4,22.32,85,HIGH
72.32,61.85,72.57,7.36,2,44.78,48,MEDIUM
74.83,77.01,70.5,7.01,0,76.24,27,LOW
95.18,89.02,96.85,9.39,0,85.61,6,LOW
88.05,82.52,77.29,7.49,0,73.93,19,LOW
74.05,72.31,75.57,7.72,0,79.72,25,LOW
84.91,76.82,82.35,7.05,1,79.89,31,LOW
92.15,68.38,74.74,7.45,0,67.93,22,LOW
80.82,84.44,72.0,7.58,0,74.78,21,LOW
81.7,64.24,85.29,6.99,0,57.64,26,LOW
65.03,51.13,62.46,5.82,0,54.99,41,LOW
75.6,77.56,73.77,8.24,0,65.81,22,LOW
90.34,82.54,87.47,8.89,0,86.85,12,LOW
78.11,71.82,86.83,6.88,0,54.19,26,LOW
84.9,79.9,93.22,9.94,0,86.92,10,LOW
78.19,68.85,67.45,6.43,1,72.51,39,LOW
75.83,78.85,84.79,7.88,0,69.04,22,LOW
63.82,70.84,65.28,6.65,0,50.84,34,LOW
78.02,54.3,61.52,7.14,2,41.64,50,MEDIUM
79.28,51.89,70.08,7.1,0,32.5,32,LOW
88.83,86.23,98.77,10.0,0,84.7,7,LOW
100,79.46,91.56,9.76,0,70.87,7,LOW
77.1,84.9,76.44,7.37,0,44.66,24,LOW
75.93,54.7,62.05,5.86,0,36.26,38,LOW
99.96,80.75,99.66,9.95,0,81.98,5,LOW
36.32,41.27,44.83,6.47,3,41.29,78,HIGH
60.51,38.9,50.62,4.69,1,31.0,60,MEDIUM
84.34,72.2,70.36,7.96,1,52.59,31,LOW
89.87,80.37,72.5,8.34,0,55.62,18,LOW
98.21,96.51,92.8,8.11,0,91.02,9,LOW
78.62,66.23,81.72,8.0,0,62.94,24,LOW
89.32,93.25,100,10.0,0,75.93,5,LOW
94.27,95.51,92.99,9.27,0,83.86,6,LOW
82.45,82.17,75.77,8.24,0,44.89,20,LOW
83.79,62.11,77.38,7.56,0,69.4,25,LOW
93.8,82.42,89.75,8.55,0,72.14,13,LOW
82.46,89.68,94.36,8.36,0,75.18,14,LOW
61.11,64.16,66.39,7.29,2,49.76,51,MEDIUM
64.76,63.44,64.12,7.61,0,44.79,33,LOW
73.53,76.19,83.77,8.22,0,72.32,22,LOW
88.47,77.4,75.75,8.05,0,80.61,18,LOW
97.03,81.86,95.05,9.08,0,76.33,9,LOW
76.23,78.85,74.15,6.86,1,63.93,35,LOW
81.65,81.81,78.94,8.14,0,73.37,19,LOW
89.85,81.65,85.39,7.64,0,70.54,18,LOW
84.48,74.57,79.98,8.23,1,53.76,29,LOW
81.49,66.59,68.13,7.97,0,57.43,25,LOW
68.57,62.98,65.66,7.07,0,50.41,33,LOW
59.31,65.43,61.31,7.04,0,63.67,35,LOW
64.29,35.78,44.66,5.66,2,34.68,65,MEDIUM
44.38,42.52,46.9,5.46,3,29.08,79,HIGH
82.45,68.17,75.62,7.55,1,62.17,33,LOW
80.25,74.22,71.32,7.79,0,64.01,24,LOW
82.93,64.58,53.71,5.89,0,59.73,34,LOW
89.19,64.8,86.83,7.92,0,75.74,20,LOW
81.31,77.49,84.21,8.21,0,80.25,19,LOW
83.98,88.61,68.75,8.02,0,60.51,19,LOW
91.81,95.2,86.91,8.74,0,91.0,9,LOW
58.98,43.45,57.66,6.11,1,25.19,54,MEDIUM
94.82,83.55,98.69,8.81,0,84.45,9,LOW
74.34,65.31,76.26,7.86,0,81.08,26,LOW
81.46,66.35,78.59,6.79,0,80.47,27,LOW
83.5,70.28,78.89,7.19,0,49.2,25,LOW
89.12,94.04,91.65,9.6,0,77.0,7,LOW
63.69,43.92,57.45,4.71,4,38.65,82,HIGH
81.43,79.79,72.12,8.3,0,83.68,19,LOW
94.81,95.18,84.35,9.14,0,73.73,8,LOW
98.54,86.93,94.38,8.9,0,81.94,8,LOW
45.77,49.36,61.32,5.86,3,28.22,74,HIGH
71.16,64.53,69.62,7.16,1,51.49,40,LOW
82.49,67.51,74.86,7.42,0,59.0,25,LOW
78.21,72.11,86.42,7.94,0,67.34,22,LOW
79.67,73.13,74.7,7.52,1,72.15,33,LOW
75.37,49.55,59.96,6.59,0,35.17,37,LOW
90.78,98.59,96.71,9.09,0,100,6,LOW
77.2,75.37,83.07,8.64,0,62.54,20,LOW
77.32,59.16,60.54,6.97,1,53.15,41,LOW
74.95,56.75,73.98,7.52,0,46.73,30,LOW
75.7,65.24,76.45,7.13,0,44.05,29,LOW
81.98,82.86,84.08,8.16,0,65.02,18,LOW
63.87,50.01,75.09,7.67,1,55.92,42,LOW
66.63,56.32,58.43,6.42,0,44.62,39,LOW
74.47,80.78,90.53,7.97,0,81.73,20,LOW
89.52,81.55,92.98,8.62,0,91.19,13,LOW
82.58,76.34,81.63,7.57,0,79.72,21,LOW
64.19,52.86,64.23,7.23,1,59.16,44,LOW
84.26,73.19,78.61,7.33,0,61.87,23,LOW
86.68,73.32,85.89,7.53,0,65.44,21,LOW
61.29,54.32,59.27,6.19,1,48.18,50,MEDIUM
89.49,85.66,93.98,9.54,0,61.09,10,LOW
90.96,83.04,87.36,8.1,1,48.86,25,LOW
80.21,69.56,85.56,7.63,0,66.36,23,LOW
91.63,89.81,93.57,9.32,0,100,7,LOW
89.0,100,98.7,9.8,0,80.94,4,LOW
81.78,73.16,84.52,7.83,0,68.44,21,LOW
93.61,84.72,83.2,7.16,0,84.62,17,LOW
75.55,54.14,74.95,6.84,0,49.0,33,LOW
97.47,82.93,93.96,9.36,0,98.4,7,LOW
83.03,66.78,84.29,7.24,0,60.35,25,LOW
71.59,55.8,55.93,6.12,1,64.0,46,MEDIUM
96.2,89.58,93.29,8.6,0,98.82,8,LOW
69.24,62.49,73.71,7.57,0,51.25,30,LOW
92.39,85.32,88.32,8.91,0,98.78,10,LOW
80.61,73.35,81.1,7.67,0,54.68,23,LOW
82.17,83.55,86.37,7.25,0,63.75,21,LOW
84.99,64.34,81.06,7.36,1,62.75,33,LOW
69.03,62.81,75.01,7.12,0,59.25,31,LOW
80.7,65.13,88.62,7.92,0,75.62,22,LOW
76.31,83.29,80.13,8.0,0,67.36,21,LOW
83.42,92.79,99.05,9.9,0,83.39,7,LOW
84.18,100,92.02,9.98,0,86.04,6,LOW
58.85,70.07,55.71,5.67,1,46.75,49,MEDIUM
81.43,72.48,73.43,7.75,0,65.39,23,LOW
65.59,61.52,71.29,6.98,0,37.27,35,LOW
76.2,55.39,70.3,6.78,0,54.72,33,LOW
97.39,85.62,93.08,10.0,0,74.99,5,LOW
66.59,60.63,53.93,7.21,1,47.59,44,LOW
56.93,34.27,46.68,6.03,1,40.0,58,MEDIUM
88.36,74.36,85.51,7.71,0,67.75,19,LOW
92.14,97.39,99.16,9.6,0,86.48,4,LOW
74.39,69.49,74.69,7.08,0,60.76,28,LOW
94.67,83.35,89.64,8.94,0,64.91,11,LOW
67.35,66.98,68.76,6.78,1,54.47,42,LOW
81.37,83.86,82.64,7.04,0,80.48,22,LOW
64.51,60.19,62.42,7.2,0,63.92,34,LOW
89.71,91.18,85.16,9.91,0,68.92,8,LOW
47.93,42.47,55.84,5.58,1,55.22,58,MEDIUM
81.68,80.77,83.59,7.17,0,40.79,23,LOW
85.11,63.71,78.28,7.94,0,78.18,22,LOW
73.53,71.02,56.96,6.39,0,56.34,33,LOW
67.27,48.58,75.75,7.56,1,71.07,41,LOW
92.7,81.37,76.67,7.37,0,67.69,19,LOW
67.74,62.75,53.33,6.29,2,43.36,55,MEDIUM
83.01,69.62,88.44,7.61,0,54.53,23,LOW
84.66,68.17,66.91,8.36,1,71.79,30,LOW
66.62,30.67,52.41,4.5,2,28.94,69,MEDIUM
90.32,81.8,89.58,10.0,0,88.2,8,LOW
90.87,83.03,100,9.89,0,71.92,7,LOW
42.68,47.65,58.9,6.61,3,40.38,72,HIGH
65.34,71.69,73.86,6.88,1,57.36,40,LOW
60.9,50.88,65.88,5.89,0,57.41,42,LOW
93.71,82.25,100,9.13,0,92.08,8,LOW
59.82,58.65,68.68,6.55,0,50.97,38,LOW
72.71,62.1,55.53,6.83,1,54.08,43,LOW
93.66,82.71,81.22,7.77,0,77.74,16,LOW
83.02,78.55,86.12,7.54,1,75.06,29,LOW
72.7,74.42,78.03,8.77,0,51.34,22,LOW
50.36,38.35,47.5,6.08,4,45.41,84,HIGH
50.96,35.02,48.83,5.84,1,21.87,60,MEDIUM
79.77,63.38,82.04,8.5,0,45.72,23,LOW
77.86,64.56,77.26,6.97,0,73.49,28,LOW
81.47,81.4,80.14,8.39,0,87.37,18,LOW
98.76,87.31,93.88,9.89,0,71.74,5,LOW
86.65,88.01,76.68,8.03,0,83.86,16,LOW
67.28,53.46,63.41,6.69,0,45.76,37,LOW
100,100,89.44,10.0,0,71.95,2,LOW
80.96,66.81,68.52,7.74,1,60.57,34,LOW
59.8,35.88,45.62,4.98,3,34.64,77,HIGH
77.16,50.94,62.02,7.62,2,55.65,49,MEDIUM
69.44,62.68,63.1,7.31,0,60.03,32,LOW
96.87,92.78,84.42,8.95,0,94.25,8,LOW
91.7,82.14,91.47,9.98,0,84.71,8,LOW
81.14,70.65,83.61,7.92,0,63.67,22,LOW
81.58,66.56,82.74,7.79,0,70.26,23,LOW
55.09,47.79,44.58,5.38,2,52.5,66,MEDIUM
88.19,82.12,84.18,8.71,0,89.99,14,LOW
65.24,59.24,65.88,7.1,0,51.16,35,LOW
42.21,46.67,44.52,6.24,4,23.32,85,HIGH
42.46,44.73,57.44,5.48,1,40.63,60,MEDIUM
43.12,36.65,55.56,4.97,4,39.4,89,HIGH
72.93,59.62,63.82,6.24,0,44.12,36,LOW
71.85,83.26,90.26,6.99,0,54.4,25,LOW
91.86,85.6,96.79,8.31,0,90.8,12,LOW
86.67,63.0,72.76,7.38,0,60.19,25,LOW
64.26,60.58,59.1,5.76,0,44.31,40,LOW
90.44,70.86,88.5,8.97,0,73.15,15,LOW
80.51,96.65,91.12,9.68,0,69.91,10,LOW
72.89,57.91,64.36,7.21,1,43.45,41,LOW
62.47,41.69,45.61,5.87,1,24.12,56,MEDIUM
53.77,34.24,56.16,5.75,4,43.87,84,HIGH
52.54,53.91,47.19,6.02,3,35.64,72,HIGH
84.08,86.4,100,9.2,0,75.7,11,LOW
81.77,84.94,85.34,9.38,0,76.54,13,LOW
74.98,55.96,73.46,5.97,0,63.09,35,LOW
82.19,73.32,77.82,7.56,0,75.63,23,LOW
87.56,83.98,83.33,7.67,0,49.44,19,LOW
68.26,70.63,70.67,6.68,1,69.7,40,LOW
89.76,92.1,100,8.14,0,93.05,11,LOW
76.66,85.04,76.91,7.96,0,64.72,21,LOW
78.01,62.94,56.95,6.39,0,56.27,34,LOW
77.22,75.55,79.65,8.12,0,55.3,22,LOW
66.55,55.56,74.94,6.59,0,42.23,36,LOW
69.64,61.11,73.13,7.35,2,59.9,48,MEDIUM
77.7,68.89,73.68,8.04,0,68.15,24,LOW
49.8,39.63,38.8,6.47,1,17.49,59,MEDIUM
50.9,56.16,47.34,5.33,3,35.6,74,HIGH
85.07,73.66,83.79,8.69,0,54.29,18,LOW
85.23,64.82,88.33,8.58,0,58.23,19,LOW
93.0,90.53,97.42,10.0,0,73.79,5,LOW
72.45,74.81,80.28,7.96,1,56.54,33,LOW
84.51,63.75,71.47,7.36,0,61.0,26,LOW
88.65,84.2,95.99,8.69,0,79.88,12,LOW
99.08,80.36,90.58,10.0,0,100,5,LOW
93.54,92.48,91.92,8.72,0,91.66,9,LOW
97.19,79.42,94.89,9.65,0,75.51,8,LOW
60.71,27.16,49.11,5.47,1,32.74,60,MEDIUM
73.88,80.02,86.23,7.74,0,42.13,23,LOW
98.92,94.87,97.84,9.7,0,83.55,3,LOW
78.29,80.73,80.46,8.52,0,81.35,18,LOW
64.98,60.7,53.27,7.06,0,47.3,36,LOW
67.03,63.6,67.3,6.68,1,51.84,43,LOW
89.22,85.42,97.2,8.69,0,76.17,12,LOW
100,100,98.43,9.58,0,81.26,2,LOW
87.43,87.76,88.75,9.77,0,72.17,9,LOW
42.96,30.82,44.46,5.79,2,48.47,72,HIGH
93.48,80.27,92.02,9.69,0,89.82,8,LOW
80.42,64.99,58.48,6.49,0,57.07,32,LOW
94.67,100,97.87,8.23,0,74.32,8,LOW
65.21,61.87,62.22,6.98,1,50.31,44,LOW
83.24,83.96,86.01,8.41,1,59.21,25,LOW
75.84,64.72,73.61,6.77,1,32.68,40,LOW
78.11,83.67,75.99,8.01,0,61.86,21,LOW
59.38,54.64,67.9,6.16,0,64.66,40,LOW
85.97,69.81,75.54,6.83,0,62.29,26,LOW
93.72,74.41,86.56,7.49,0,44.58,19,LOW
97.62,96.02,86.62,10.0,0,69.08,4,LOW
77.79,62.37,74.63,7.04,0,65.03,29,LOW
59.81,63.32,56.81,7.49,0,43.54,36,LOW
74.29,65.75,56.61,6.68,1,51.93,42,LOW
71.4,79.92,72.82,7.96,0,65.48,24,LOW
65.04,50.77,55.76,6.19,1,39.28,50,MEDIUM
96.99,95.23,92.02,9.68,0,98.51,4,LOW
79.01,85.83,89.8,7.3,0,53.07,21,LOW
85.1,77.11,79.41,7.87,0,42.82,21,LOW
81.13,79.07,78.79,7.97,0,53.96,21,LOW
67.18,50.92,63.9,6.36,0,55.71,39,LOW
94.67,88.41,88.8,8.72,0,87.47,10,LOW
85.29,76.59,93.73,7.03,0,61.87,21,LOW
80.14,80.25,77.3,8.2,0,82.02,19,LOW
86.67,87.38,88.33,9.54,0,100,9,LOW
78.6,53.67,60.36,6.65,1,31.3,44,LOW
78.28,56.51,60.31,6.41,1,48.41,43,LOW
65.11,50.31,62.57,6.4,0,48.44,40,LOW
69.35,54.38,62.12,6.83,0,52.07,36,LOW
86.64,72.23,76.74,7.6,0,76.79,21,LOW
96.1,92.85,93.49,9.61,0,100,4,LOW
87.13,98.74,97.47,9.31,0,65.74,8,LOW
99.63,90.03,88.27,9.0,0,64.55,8,LOW
79.55,70.29,92.55,7.4,0,72.89,23,LOW
75.34,46.52,63.99,6.65,0,37.01,37,LOW
83.09,70.62,57.81,7.11,0,42.71,28,LOW
86.33,80.28,88.43,7.65,0,73.61,18,LOW
69.95,70.14,73.36,7.53,0,71.78,28,LOW
71.04,54.41,60.47,6.47,0,54.03,37,LOW
65.52,62.55,71.66,7.06,1,58.66,42,LOW
85.56,83.79,79.84,7.99,0,58.76,18,LOW
98.0,98.02,89.4,9.24,0,75.3,5,LOW
80.88,61.52,72.29,7.14,1,53.6,37,LOW
84.1,73.43,82.03,6.67,0,78.01,24,LOW
90.05,70.06,89.93,8.15,1,76.4,26,LOW
91.84,88.99,100,9.59,0,67.99,7,LOW
91.13,71.4,83.72,6.77,0,64.24,23,LOW
77.24,51.69,59.93,6.3,1,51.51,45,LOW
77.71,78.68,79.9,6.61,0,59.46,26,LOW
47.92,53.57,49.03,5.61,2,50.26,65,MEDIUM
84.18,83.39,96.49,9.54,0,88.48,10,LOW
89.55,86.23,86.35,8.69,0,79.79,13,LOW
62.73,58.83,58.32,7.2,0,57.18,36,LOW
86.41,78.07,81.4,8.04,0,54.0,19,LOW
88.45,80.06,83.82,8.39,0,84.91,15,LOW
59.11,50.0,58.05,7.55,2,43.31,55,MEDIUM
85.2,66.5,73.72,7.48,0,61.74,25,LOW
86.58,79.87,80.05,8.01,0,56.89,19,LOW
72.51,64.82,83.23,7.79,0,54.69,27,LOW
73.81,54.27,68.39,5.93,0,57.23,37,LOW
88.05,75.89,76.4,8.09,0,61.93,19,LOW
86.06,73.8,88.23,8.67,0,74.84,16,LOW
100,83.21,100,8.72,0,90.12,8,LOW
87.81,75.38,71.42,7.89,0,57.01,21,LOW
98.08,86.72,93.55,9.56,0,66.52,7,LOW
90.53,68.2,90.07,8.36,0,58.4,18,LOW
68.34,59.5,64.6,7.46,0,56.24,33,LOW
90.12,75.97,91.64,7.82,0,65.08,18,LOW
40.76,37.95,44.63,6.16,1,22.21,62,MEDIUM
90.34,74.0,80.15,7.42,0,74.4,20,LOW
64.92,65.34,75.86,6.88,1,54.79,41,LOW
62.16,69.02,68.36,7.33,1,65.15,40,LOW
83.54,89.32,91.04,8.47,0,72.04,14,LOW
96.45,94.33,95.57,9.42,0,91.29,5,LOW
94.95,93.69,88.81,8.76,0,100,8,LOW
76.62,78.04,86.53,7.67,0,79.57,22,LOW
79.0,79.26,85.06,8.33,0,58.17,20,LOW
86.79,74.92,75.81,7.68,0,60.73,21,LOW
63.17,55.86,74.98,6.18,0,70.12,37,LOW
50.4,47.46,40.55,5.38,1,33.28,60,MEDIUM
90.0,70.34,88.11,7.24,0,71.24,21,LOW
94.66,77.07,88.21,10.0,0,95.23,8,LOW
77.99,76.8,72.49,8.08,0,68.92,22,LOW
96.44,78.15,95.42,8.58,0,80.16,11,LOW
98.12,91.93,86.13,8.34,0,88.55,10,LOW
100,98.18,95.84,9.56,0,95.87,2,LOW
77.5,61.97,66.16,6.88,0,69.02,31,LOW
100,88.98,93.36,9.91,0,86.5,4,LOW
100,79.4,100,9.15,0,100,7,LOW
48.09,55.39,44.57,4.89,2,47.1,68,MEDIUM
84.41,63.76,73.33,7.42,0,67.28,25,LOW
93.23,98.67,97.24,10.0,0,69.56,3,LOW
58.1,72.3,71.25,7.17,1,56.56,41,LOW
64.26,58.36,59.02,6.46,0,41.95,39,LOW
91.18,95.91,92.31,8.81,0,92.67,8,LOW
77.12,60.84,56.05,6.65,0,61.41,33,LOW
58.84,51.88,54.28,4.35,1,34.88,58,MEDIUM
84.55,85.64,100,9.41,0,73.69,10,LOW
92.82,82.97,97.99,9.87,0,98.74,6,LOW
91.69,71.43,77.96,8.3,0,75.14,18,LOW
76.01,52.09,64.32,7.24,0,58.36,33,LOW
90.68,90.37,100,9.31,0,93.25,7,LOW
72.69,63.53,55.1,6.92,1,50.63,42,LOW
82.77,77.85,77.78,8.81,0,57.91,18,LOW
82.89,78.63,68.99,6.97,0,56.83,25,LOW
89.66,63.93,72.56,7.29,0,63.67,25,LOW
70.41,61.4,61.71,6.48,0,42.57,36,LOW
83.3,68.21,89.62,7.71,0,70.73,22,LOW
75.02,68.98,66.18,6.83,1,59.48,39,LOW
76.06,64.79,67.62,7.92,0,61.58,27,LOW
100,80.58,96.43,8.73,0,83.99,9,LOW
78.16,70.14,75.01,8.66,0,77.83,21,LOW
86.94,70.56,77.67,7.74,0,74.88,21,LOW
78.52,72.46,83.52,7.63,0,67.0,23,LOW
68.82,67.42,70.65,6.96,0,68.88,31,LOW
57.65,47.23,47.92,6.56,3,39.06,70,MEDIUM
74.53,55.99,56.85,7.73,0,60.84,31,LOW
89.09,82.28,85.24,8.35,0,76.88,15,LOW
96.32,100,97.86,9.96,0,75.68,2,LOW
82.72,72.32,68.81,8.17,0,62.36,22,LOW
100,99.23,95.95,9.98,0,76.62,1,LOW
83.92,68.61,85.03,7.16,0,86.53,23,LOW
76.55,71.32,80.03,7.98,0,54.46,24,LOW
75.66,60.07,63.16,6.83,1,42.61,42,LOW
70.75,47.65,58.79,6.85,0,59.65,37,LOW
79.04,83.98,91.02,7.27,0,67.49,21,LOW
98.35,95.47,91.09,9.57,0,87.4,4,LOW
63.35,71.39,69.56,7.51,0,49.94,31,LOW
95.03,88.83,99.66,9.65,0,70.83,6,LOW
95.47,90.96,93.49,9.56,0,78.09,6,LOW
88.86,63.01,81.2,7.15,0,61.91,24,LOW
95.91,91.07,84.31,9.28,0,90.34,7,LOW
61.94,62.38,65.03,5.77,1,61.28,48,MEDIUM
66.4,46.3,57.8,7.6,1,63.35,44,LOW
97.23,97.12,89.3,8.47,0,99.73,8,LOW
95.84,94.12,93.52,8.62,0,90.33,8,LOW
84.35,80.5,80.3,7.45,0,73.66,21,LOW
90.17,65.95,87.07,7.49,0,86.73,20,LOW
90.55,62.8,84.88,8.16,0,51.52,20,LOW
78.41,62.8,82.91,7.94,1,56.64,33,LOW
77.9,77.06,78.76,7.26,1,66.63,33,LOW
78.12,86.05,76.56,7.51,0,55.37,22,LOW
64.38,55.4,66.9,7.3,0,39.19,36,LOW
100,100,83.12,9.35,0,79.16,5,LOW
89.07,70.86,92.97,7.63,0,58.47,20,LOW
99.76,92.04,86.8,9.25,0,85.88,6,LOW
77.48,57.76,69.76,6.42,0,68.76,33,LOW
84.39,86.59,84.45,8.98,0,97.1,13,LOW
57.04,70.18,66.3,6.3,1,56.78,46,MEDIUM
67.71,55.34,60.98,7.44,0,31.44,35,LOW
78.6,76.5,92.86,7.04,0,76.4,23,LOW
78.87,69.36,89.33,7.94,0,67.2,22,LOW
88.76,71.85,81.95,7.65,0,46.81,21,LOW
81.6,58.77,70.71,6.75,2,59.17,47,MEDIUM
73.05,83.76,80.46,6.64,0,57.56,27,LOW
80.22,60.93,84.96,8.11,0,77.31,23,LOW
73.72,67.82,75.94,7.8,0,63.42,26,LOW
78.96,69.75,78.63,8.03,0,59.85,23,LOW
78.05,81.59,78.3,7.11,0,62.58,24,LOW
53.93,32.92,53.95,6.33,4,46.55,82,HIGH
75.43,77.86,82.03,7.75,0,81.48,22,LOW
92.03,85.18,92.79,9.38,0,76.43,9,LOW
81.11,78.26,80.07,7.35,0,65.96,23,LOW
77.79,60.12,57.71,7.22,0,49.33,32,LOW
67.13,51.13,66.77,6.76,0,43.13,37,LOW
82.02,77.46,89.56,7.55,0,71.0,21,LOW
88.14,68.68,72.88,8.15,0,44.28,22,LOW
87.51,88.16,95.3,8.96,0,100,10,LOW
91.76,82.73,91.49,9.86,0,94.62,7,LOW
90.07,96.6,87.28,8.94,0,93.47,9,LOW
93.88,95.36,90.8,9.38,0,100,6,LOW
90.31,95.71,97.54,9.85,0,86.57,5,LOW
78.2,69.59,75.7,8.47,0,69.02,22,LOW
60.02,55.59,54.55,5.51,0,71.39,43,LOW
83.53,98.15,94.5,9.92,0,76.76,7,LOW
61.33,68.44,77.07,6.84,1,63.32,41,LOW
64.97,65.48,74.81,7.12,1,49.95,41,LOW
74.82,61.0,77.43,6.3,0,49.8,33,LOW
70.77,67.73,66.83,6.64,0,54.55,33,LOW
76.26,88.52,70.7,6.95,0,58.87,25,LOW
63.32,63.75,53.66,6.18,2,60.96,56,MEDIUM
73.19,67.3,57.6,6.6,1,32.5,43,LOW
60.77,59.56,62.66,6.42,1,56.06,47,MEDIUM
70.04,49.38,69.63,6.93,1,52.51,44,LOW
100,87.59,100,9.68,0,81.29,4,LOW
87.71,86.23,89.5,8.38,0,69.52,14,LOW
84.52,68.16,69.98,8.2,0,76.37,22,LOW
80.36,54.86,55.64,6.38,0,51.64,35,LOW
82.98,82.98,76.35,8.27,0,47.51,19,LOW
71.56,55.4,59.59,6.05,1,60.47,46,MEDIUM
74.68,59.61,74.05,7.59,1,43.15,38,LOW
79.94,70.61,79.59,7.97,0,63.92,23,LOW
78.82,84.41,74.32,8.04,0,73.17,20,LOW
89.78,74.46,74.03,8.52,0,66.45,18,LOW
70.77,51.86,59.92,6.46,1,63.16,46,MEDIUM
75.5,52.46,59.32,5.91,1,44.35,47,MEDIUM
79.67,79.35,84.86,7.01,0,84.96,23,LOW
75.68,45.53,58.32,7.36,0,50.4,35,LOW
56.45,62.89,66.24,6.48,1,58.1,47,MEDIUM
62.31,48.13,43.17,4.76,2,25.58,67,MEDIUM
62.6,48.71,55.32,6.53,1,40.74,50,MEDIUM
53.07,52.67,61.18,4.86,2,46.99,65,MEDIUM
100,83.68,84.34,9.96,0,63.57,7,LOW
87.91,82.57,73.35,7.38,0,56.96,21,LOW
73.29,71.0,89.37,7.05,0,53.56,27,LOW
50.29,36.74,56.44,6.77,1,25.33,56,MEDIUM
47.17,48.15,41.61,5.23,2,40.37,69,MEDIUM
70.11,66.37,57.85,7.2,0,70.44,32,LOW
75.46,73.48,53.08,6.44,0,42.65,33,LOW
80.23,66.37,70.3,6.58,0,57.88,30,LOW
100,99.01,94.77,9.18,0,83.82,4,LOW
98.21,84.19,84.72,9.04,0,93.71,9,LOW
100,82.43,98.78,8.8,0,82.75,8,LOW
88.84,68.36,75.45,7.86,0,47.6,22,LOW
65.95,51.92,67.61,6.48,1,45.81,47,MEDIUM
87.22,94.22,96.84,9.68,0,67.86,7,LOW
86.0,82.44,72.58,7.76,0,55.92,20,LOW
100,97.37,94.88,8.88,0,75.96,6,LOW
90.51,84.47,90.5,7.81,0,80.24,15,LOW
85.87,77.47,81.42,7.79,0,69.7,20,LOW
63.61,54.1,65.18,6.13,0,47.46,40,LOW
65.09,58.8,57.03,7.45,1,44.71,44,LOW
82.06,62.52,74.22,6.95,1,67.14,36,LOW
78.25,67.22,80.76,8.41,0,65.14,22,LOW
73.21,58.6,57.75,6.93,0,57.79,34,LOW
74.74,69.78,84.82,8.52,0,54.98,22,LOW
68.5,64.6,67.34,6.26,0,46.69,36,LOW
84.85,73.2,74.72,7.4,0,63.25,23,LOW
74.12,61.14,56.16,6.57,0,33.61,36,LOW
66.77,70.05,59.24,6.36,0,43.45,36,LOW
92.6,84.69,99.94,9.7,0,91.44,6,LOW
68.89,48.12,70.56,7.02,0,37.3,36,LOW
84.51,78.31,83.55,7.08,0,57.58,23,LOW
78.31,71.7,85.4,8.41,0,63.96,21,LOW
80.37,84.23,69.01,7.31,0,77.74,23,LOW
63.52,50.21,69.05,6.12,0,62.21,40,LOW
70.24,60.66,56.96,6.55,0,49.88,36,LOW
55.28,40.92,45.58,4.71,4,18.89,88,HIGH
78.8,68.04,76.99,7.84,0,50.25,25,LOW
84.95,66.17,81.84,7.37,0,72.45,24,LOW
91.02,92.09,93.02,9.3,0,100,7,LOW
70.12,51.99,70.85,6.66,1,52.81,44,LOW
73.79,82.77,86.06,6.65,0,49.82,26,LOW
61.97,54.6,67.51,7.41,0,53.38,35,LOW
68.56,54.43,76.93,6.39,0,56.51,36,LOW
71.44,73.2,78.95,7.93,0,76.26,24,LOW
84.7,67.07,72.38,7.36,0,78.48,24,LOW
58.97,49.69,57.69,7.24,2,47.67,56,MEDIUM
86.47,99.94,92.42,9.17,0,66.51,9,LOW
80.91,77.52,90.18,8.49,0,79.94,17,LOW
90.3,87.9,93.04,9.54,0,91.31,8,LOW
79.7,80.52,74.31,8.48,0,58.33,20,LOW
79.88,75.02,69.45,6.96,1,63.64,35,LOW
55.75,44.7,49.4,4.43,2,34.06,70,MEDIUM
75.22,61.42,71.81,7.19,0,87.15,29,LOW
97.92,94.7,100,9.31,0,88.77,4,LOW
57.49,34.72,57.08,5.8,3,53.07,73,HIGH
73.74,77.16,85.55,7.71,0,79.18,23,LOW
67.12,51.55,61.68,7.05,0,47.8,37,LOW
86.86,67.47,81.97,7.07,0,54.64,24,LOW
42.62,55.87,59.8,5.12,2,21.61,68,MEDIUM
91.7,91.18,92.03,9.72,0,83.51,7,LOW
89.2,81.9,83.73,7.56,0,62.4,19,LOW
69.43,55.33,57.04,6.76,1,43.96,45,LOW
84.41,70.69,70.54,6.91,0,62.37,26,LOW
73.37,58.52,55.38,6.84,2,49.57,52,MEDIUM
79.92,57.81,68.01,6.78,0,46.18,32,LOW
76.66,81.85,77.32,7.79,0,68.78,22,LOW
93.33,86.89,90.5,9.15,0,71.76,10,LOW
100,90.6,86.49,8.83,0,88.62,8,LOW
86.05,87.58,79.1,7.86,1,67.73,26,LOW
71.8,48.83,74.16,6.28,0,43.61,37,LOW
87.14,92.65,91.0,9.75,0,66.2,8,LOW
79.51,55.26,65.09,6.23,1,59.02,43,LOW
75.57,57.11,64.64,6.71,1,53.98,42,LOW
100,90.31,84.26,9.5,0,99.54,5,LOW
67.54,56.58,65.44,5.67,0,34.49,40,LOW
75.61,65.14,71.33,8.3,0,65.69,25,LOW
77.17,70.65,87.21,7.03,0,53.36,26,LOW
59.95,66.86,58.78,6.25,1,42.44,47,MEDIUM
75.66,64.86,68.64,7.56,0,39.4,29,LOW
79.17,71.75,83.54,8.23,0,69.61,21,LOW
75.63,69.93,66.99,7.44,0,60.17,28,LOW
90.03,83.8,75.45,7.7,0,51.43,19,LOW
74.12,60.66,61.91,6.52,1,58.24,43,LOW
87.91,78.04,79.06,8.68,0,61.92,17,LOW
64.05,45.46,57.9,4.74,4,39.2,82,HIGH
94.24,90.54,92.35,9.54,0,75.11,7,LOW
80.19,58.46,57.38,5.75,0,57.6,36,LOW
85.91,73.52,82.11,7.24,0,74.04,22,LOW
84.9,86.01,89.82,7.93,0,58.47,17,LOW
82.35,65.4,82.42,8.79,0,61.74,20,LOW
59.75,64.72,63.88,7.22,0,59.15,35,LOW
90.03,98.83,88.12,8.22,0,74.69,11,LOW
89.27,67.08,86.56,7.8,0,65.96,20,LOW
60.82,51.06,49.65,4.57,4,55.92,82,HIGH
98.02,84.85,100,9.81,0,90.97,4,LOW
71.59,66.55,70.5,7.05,1,60.97,39,LOW
84.66,68.4,78.06,7.75,0,52.99,23,LOW
66.26,71.99,65.18,6.86,0,57.21,32,LOW
78.66,57.69,72.18,7.41,2,38.62,47,MEDIUM
71.98,59.58,69.79,6.39,0,52.33,35,LOW
69.69,57.58,65.47,6.15,1,56.06,45,LOW
78.42,63.58,68.24,7.12,0,45.88,30,LOW
82.85,74.43,83.5,8.07,0,66.2,20,LOW
100,77.79,96.29,9.28,0,95.51,7,LOW
66.56,44.8,46.0,4.65,4,22.81,84,HIGH
75.87,67.99,74.21,7.11,1,56.2,37,LOW
76.65,68.76,75.02,8.13,0,82.02,23,LOW
67.47,36.41,41.05,5.53,3,45.42,73,HIGH
92.21,98.87,90.56,8.88,0,67.65,8,LOW
79.63,66.68,62.14,6.24,2,62.17,49,MEDIUM
84.68,71.16,72.47,8.3,0,65.53,21,LOW
94.17,95.81,100,9.02,0,84.1,6,LOW
69.43,50.32,67.23,7.23,1,43.82,44,LOW
44.33,50.5,51.73,6.34,3,30.46,74,HIGH
69.87,60.7,62.54,6.31,1,45.48,45,LOW
76.17,70.83,52.54,7.15,0,51.14,31,LOW
80.05,62.7,86.95,8.31,1,71.64,30,LOW
99.3,93.68,90.95,8.75,0,82.72,7,LOW
82.89,95.42,83.21,8.44,0,75.29,14,LOW
70.99,68.7,69.58,6.35,0,56.9,33,LOW
89.14,84.95,69.5,6.95,0,63.32,22,LOW
93.05,86.42,94.79,9.41,0,63.17,9,LOW
98.18,92.04,100,9.28,0,93.14,4,LOW
87.74,86.04,76.27,6.89,0,67.04,21,LOW
43.02,40.49,61.08,5.65,4,34.98,86,HIGH
49.02,53.15,59.39,5.7,4,43.16,81,HIGH
94.47,78.72,93.14,9.55,0,84.82,9,LOW
88.06,77.58,88.73,8.1,1,64.27,26,LOW
86.62,77.24,80.36,7.59,0,68.3,20,LOW
78.9,67.18,54.82,6.2,1,38.24,43,LOW
65.1,60.01,64.3,6.41,0,60.6,37,LOW
100,89.74,94.09,9.25,0,77.49,6,LOW
44.49,35.71,53.9,5.14,4,21.53,89,HIGH
80.68,59.9,67.05,6.57,0,54.15,32,LOW
86.03,72.11,84.95,7.89,1,60.48,29,LOW
77.9,68.43,87.67,8.09,0,49.53,23,LOW
76.46,53.47,76.98,6.97,0,70.6,31,LOW
84.51,67.34,70.19,8.37,0,66.18,22,LOW
93.63,64.39,86.49,7.73,0,65.41,20,LOW
88.35,99.73,93.41,9.03,0,75.67,8,LOW
81.64,78.27,78.58,7.57,0,46.62,23,LOW
83.85,92.06,89.81,9.98,0,70.0,9,LOW
95.14,93.8,89.49,9.06,0,81.54,8,LOW
89.76,83.69,100,9.45,0,77.37,9,LOW
72.92,57.77,63.12,6.88,0,53.32,34,LOW
59.52,37.91,43.18,4.95,3,39.45,77,HIGH
89.66,75.93,77.7,8.14,0,84.03,18,LOW
57.83,43.45,52.14,5.4,4,26.73,83,HIGH
91.28,77.9,98.14,9.59,0,69.22,10,LOW
79.95,76.53,76.05,7.26,0,76.49,24,LOW
78.26,52.04,62.71,6.39,1,58.85,43,LOW
53.41,43.56,60.19,5.88,2,21.82,65,MEDIUM
91.37,92.05,92.79,9.58,0,87.49,7,LOW
86.11,69.84,78.96,7.7,0,86.31,21,LOW
87.13,68.31,72.81,7.54,0,54.6,24,LOW
83.25,89.09,96.12,9.66,0,95.49,9,LOW
91.92,78.4,88.48,7.86,0,56.73,17,LOW
80.45,71.45,89.69,8.16,0,47.56,21,LOW
89.8,94.23,100,8.89,0,80.74,8,LOW
39.15,32.26,42.42,5.41,3,33.53,83,HIGH
76.96,61.51,68.44,6.81,0,36.85,32,LOW
91.96,83.44,67.94,7.78,0,62.05,19,LOW
97.15,87.7,96.65,9.85,0,63.45,5,LOW
89.92,86.43,78.73,7.6,0,64.89,18,LOW
100,90.12,87.36,9.62,0,96.34,5,LOW
76.84,65.63,65.61,6.96,0,45.32,31,LOW
90.54,84.15,100,8.79,0,69.45,11,LOW
58.38,47.43,64.04,6.57,1,52.69,50,MEDIUM
78.05,55.4,72.92,7.02,1,52.79,40,LOW
86.28,74.32,73.15,7.11,0,48.94,24,LOW
50.39,38.27,57.2,5.54,3,35.4,76,HIGH
74.27,75.11,75.1,7.63,0,57.46,25,LOW
98.31,79.38,95.52,8.9,0,68.47,10,LOW
47.46,51.22,40.11,5.85,3,48.86,75,HIGH
62.09,51.11,60.87,7.41,0,39.63,38,LOW
76.16,65.05,60.59,7.86,0,42.12,29,LOW
80.48,75.4,85.81,7.73,0,41.72,23,LOW
87.47,87.77,100,8.7,0,65.68,12,LOW
60.89,54.35,76.42,7.54,0,54.19,34,LOW
64.38,66.06,64.05,6.27,0,61.87,36,LOW
76.91,86.83,85.33,7.73,0,82.15,20,LOW
90.48,74.47,86.35,7.88,0,53.68,19,LOW
78.02,47.46,63.35,7.32,0,66.98,32,LOW
59.37,63.25,62.98,6.85,0,40.95,37,LOW
36.58,47.1,43.2,6.17,3,54.64,77,HIGH
89.43,92.32,83.27,9.83,0,91.82,7,LOW
69.2,61.0,68.6,6.77,0,70.1,33,LOW
86.67,83.33,73.34,7.8,0,57.67,20,LOW
81.19,66.02,76.5,7.14,0,46.97,27,LOW
90.8,96.54,95.06,9.76,0,85.84,5,LOW
86.56,88.19,78.66,7.87,0,70.39,17,LOW
80.02,75.61,89.5,7.88,0,78.96,20,LOW
98.18,79.61,91.28,8.96,0,95.14,9,LOW
80.86,80.91,80.7,7.42,0,65.08,22,LOW
41.97,39.38,40.43,5.4,2,37.02,73,HIGH
71.99,70.86,54.53,6.36,2,59.96,51,MEDIUM
82.67,63.59,57.61,7.1,2,51.66,47,MEDIUM
78.69,81.82,72.05,7.15,0,66.57,24,LOW
59.3,66.47,62.2,6.81,2,45.82,54,MEDIUM
60.83,64.42,68.9,6.82,1,65.03,43,LOW
89.99,100,95.8,9.72,0,71.39,5,LOW
100,83.06,97.05,9.88,0,85.98,4,LOW
39.86,55.33,47.52,5.75,4,29.34,85,HIGH
86.45,70.46,84.84,8.56,0,66.17,18,LOW
83.93,83.64,77.06,7.39,0,72.9,21,LOW
89.23,73.07,89.62,6.78,0,75.87,22,LOW
53.94,38.85,54.69,5.96,2,29.26,66,MEDIUM
100,87.27,86.37,9.35,0,100,6,LOW
95.84,78.95,95.97,9.7,0,92.67,7,LOW
63.86,63.32,62.93,7.34,1,36.12,43,LOW
73.97,63.4,63.51,6.77,0,64.47,32,LOW
86.48,91.91,89.36,8.8,0,89.61,11,LOW
91.25,75.23,84.33,8.49,0,71.56,16,LOW
41.0,41.07,48.72,4.73,2,57.1,73,HIGH
86.71,77.29,81.2,7.71,1,61.78,29,LOW
56.2,57.02,56.36,6.54,0,43.01,41,LOW
72.71,79.31,87.63,8.04,0,80.35,21,LOW
87.87,64.73,80.55,8.02,0,70.01,21,LOW
75.29,87.31,81.65,6.71,0,64.03,25,LOW
69.19,49.42,68.63,7.64,1,51.33,42,LOW
95.1,83.17,92.98,9.16,0,89.91,9,LOW
83.62,75.01,78.99,8.52,0,67.28,19,LOW
98.78,99.37,85.77,8.86,0,75.44,7,LOW
87.11,72.74,72.14,7.27,0,49.15,24,LOW
64.24,72.02,67.13,5.61,2,57.52,54,MEDIUM
75.37,52.31,74.64,6.72,1,61.53,41,LOW
96.25,100,98.79,9.2,0,85.89,4,LOW
58.44,66.18,52.74,6.29,0,44.94,40,LOW
49.2,44.41,41.21,6.37,3,19.1,75,HIGH
79.62,72.45,70.55,7.7,0,86.03,24,LOW
79.35,70.77,66.32,8.3,0,64.71,23,LOW
84.85,65.47,80.64,8.22,0,70.7,21,LOW
80.92,65.01,72.69,8.31,0,82.8,23,LOW
66.28,71.36,69.01,6.08,0,51.39,35,LOW
85.98,74.25,86.42,7.65,1,74.89,28,LOW
66.3,51.72,68.89,6.81,0,68.89,36,LOW
56.73,56.01,51.61,7.51,1,34.72,48,MEDIUM
88.09,84.33,91.26,8.22,0,61.5,15,LOW
74.73,60.25,72.38,5.88,1,64.96,43,LOW
72.67,61.36,63.59,6.54,0,53.32,34,LOW
75.6,71.47,76.5,8.21,0,78.7,23,LOW
80.01,76.74,89.76,6.73,0,64.49,24,LOW
88.74,99.02,93.04,9.0,0,88.56,8,LOW
68.36,65.63,68.03,7.39,1,47.67,40,LOW
88.13,91.13,86.39,9.61,0,77.47,9,LOW
94.54,86.89,93.0,9.21,0,89.23,8,LOW
85.31,71.97,78.06,7.46,0,74.54,22,LOW
48.5,42.91,44.63,5.52,4,34.81,86,HIGH
84.63,84.4,85.22,10.0,0,88.84,10,LOW
72.21,56.33,53.0,7.61,1,53.3,42,LOW
41.79,48.87,47.27,4.86,2,28.46,72,HIGH
76.35,48.67,63.92,6.49,0,64.52,36,LOW
77.98,69.53,92.42,7.06,0,63.01,25,LOW
68.99,58.06,77.49,6.47,1,62.45,43,LOW
91.28,73.81,80.99,8.26,0,52.38,18,LOW
81.6,79.69,71.55,7.8,0,69.26,22,LOW
74.17,57.17,67.07,6.43,2,46.57,52,MEDIUM
70.03,55.15,74.11,7.49,1,64.16,40,LOW
82.6,72.84,70.87,7.98,0,56.3,23,LOW
81.16,71.2,72.33,7.91,0,84.16,23,LOW
46.98,46.8,56.35,5.43,3,41.8,76,HIGH
80.23,78.7,76.87,7.93,0,73.52,21,LOW
77.7,69.87,75.09,8.3,0,81.11,22,LOW
86.64,75.54,83.02,8.77,0,79.16,16,LOW
79.27,74.35,70.25,7.17,0,71.36,26,LOW
79.42,87.84,82.28,7.41,0,56.2,21,LOW
88.99,100,83.77,9.06,0,87.74,9,LOW
80.27,73.78,89.06,7.31,0,73.98,23,LOW
79.13,58.22,76.15,6.39,0,47.82,32,LOW
87.81,65.34,89.73,7.41,0,64.33,22,LOW
85.2,89.54,85.98,9.1,0,88.88,11,LOW
84.75,77.84,77.24,7.79,0,68.8,20,LOW
88.52,75.52,87.76,8.66,1,47.36,25,LOW
71.09,50.14,69.74,6.36,1,60.45,45,LOW
87.9,75.47,84.43,8.15,0,75.93,18,LOW
78.64,68.68,67.83,8.07,1,59.01,33,LOW
92.58,82.55,98.0,9.82,0,90.26,7,LOW
85.42,85.11,99.89,9.69,0,87.37,9,LOW
89.81,64.34,79.59,8.29,0,45.02,21,LOW
86.72,76.42,86.28,8.66,0,78.87,16,LOW
47.19,45.09,46.31,4.7,4,31.92,89,HIGH
66.44,58.78,59.03,7.11,1,69.02,43,LOW
92.82,86.0,96.72,8.58,0,73.95,11,LOW
84.68,74.67,71.97,8.14,0,72.57,20,LOW
93.62,100,96.74,9.0,0,74.5,6,LOW
83.8,80.6,86.29,8.09,0,42.93,19,LOW
77.93,79.81,85.2,7.85,0,69.37,21,LOW
76.93,63.4,68.58,7.65,0,45.96,28,LOW
61.83,65.53,59.32,7.81,0,52.05,33,LOW
90.0,84.51,88.85,8.51,0,89.74,13,LOW
83.08,76.26,80.78,8.44,0,55.36,19,LOW
44.76,28.98,56.96,5.25,1,32.94,64,MEDIUM
68.47,54.83,68.72,7.19,0,57.46,34,LOW
94.17,100,95.85,8.72,0,78.84,7,LOW
63.64,73.51,74.92,6.25,0,39.78,34,LOW
83.67,75.84,67.34,7.29,0,60.13,25,LOW
60.68,35.26,49.81,4.97,2,37.84,68,MEDIUM
71.79,63.97,60.68,7.11,1,64.76,40,LOW
77.21,55.49,56.08,6.34,0,40.67,36,LOW
55.91,49.61,64.37,5.53,4,28.46,80,HIGH
77.6,79.01,78.88,7.49,1,68.37,32,LOW
75.31,50.13,52.87,5.98,0,50.66,39,LOW
85.37,85.88,94.46,8.68,0,74.82,13,LOW
99.93,76.73,90.61,9.67,0,75.61,8,LOW
78.51,84.32,80.08,8.17,0,55.04,20,LOW
83.91,80.26,78.6,8.06,0,76.73,19,LOW
87.8,97.25,88.11,9.96,0,87.79,6,LOW
48.58,40.53,52.54,5.07,2,44.92,70,MEDIUM
81.44,77.82,83.13,7.54,1,71.5,30,LOW
82.67,69.68,76.86,7.53,0,65.8,24,LOW
83.48,80.81,95.33,8.78,0,95.03,13,LOW
44.96,50.34,40.74,5.62,3,39.86,77,HIGH
84.33,78.11,98.63,9.43,0,85.18,12,LOW
76.03,64.61,75.37,7.39,1,45.28,37,LOW
74.86,73.96,74.08,8.01,0,63.61,24,LOW
90.32,93.92,88.51,9.25,0,89.33,8,LOW
73.28,66.97,73.43,6.44,0,33.85,33,LOW
68.61,56.36,73.37,7.8,0,50.58,31,LOW
82.66,84.44,76.43,7.42,0,66.81,21,LOW
90.5,91.2,100,8.85,0,92.76,8,LOW
55.13,49.05,56.22,4.89,3,22.54,75,HIGH
61.83,54.5,66.62,6.21,0,57.61,39,LOW
54.15,51.89,51.71,5.15,2,31.27,66,MEDIUM
72.33,58.57,58.71,7.88,0,45.64,31,LOW
84.44,95.64,86.79,8.9,0,84.7,11,LOW
90.72,78.16,87.28,7.26,0,70.7,19,LOW
85.52,71.21,84.78,7.45,0,70.72,22,LOW
88.36,88.75,91.78,8.56,0,77.47,12,LOW
65.58,56.62,58.87,7.08,0,58.54,36,LOW
59.72,26.78,59.29,6.5,4,39.32,81,HIGH
48.64,48.26,39.69,6.49,2,51.02,64,MEDIUM
74.33,84.75,84.44,7.92,0,58.12,21,LOW
65.11,63.89,68.63,6.38,0,46.54,36,LOW
84.05,75.02,76.63,8.31,0,52.54,20,LOW
98.13,83.96,92.07,9.63,0,100,6,LOW
87.01,66.53,75.06,8.41,0,58.98,21,LOW
89.46,81.75,94.35,9.81,0,81.4,9,LOW
96.6,85.04,89.21,9.55,0,89.21,7,LOW
75.66,74.59,78.13,6.92,1,56.79,36,LOW
93.17,67.67,67.7,8.11,0,58.45,21,LOW
80.23,66.63,70.5,6.93,0,64.58,28,LOW
90.65,98.06,97.97,8.64,0,90.42,8,LOW
62.07,60.73,65.49,6.0,1,54.4,48,MEDIUM
56.24,47.92,43.66,6.39,1,51.02,54,MEDIUM
85.75,72.45,83.43,8.28,0,66.73,19,LOW
74.0,64.8,60.14,7.09,1,39.56,41,LOW
84.71,74.68,87.13,7.56,0,69.18,21,LOW
79.05,60.71,71.08,7.23,0,33.89,30,LOW
100,87.7,92.2,8.74,0,88.1,8,LOW
87.61,75.77,91.53,7.92,1,72.48,26,LOW
70.37,65.5,70.99,6.88,1,44.81,41,LOW
90.57,88.45,93.32,9.99,0,92.76,6,LOW
79.85,76.48,73.63,8.58,0,63.85,20,LOW
73.2,59.85,78.43,7.07,0,37.26,31,LOW
80.38,81.81,80.07,7.34,0,63.11,22,LOW
76.31,70.81,89.35,8.08,0,71.39,22,LOW
85.43,72.22,87.1,7.83,0,81.48,20,LOW
86.14,72.58,89.63,8.33,0,70.69,18,LOW
83.1,65.44,72.0,7.85,0,62.73,24,LOW
36.04,39.89,59.99,5.23,1,30.16,64,MEDIUM
57.6,54.16,51.41,4.61,2,19.2,67,MEDIUM
83.75,76.71,74.12,8.34,0,75.64,19,LOW
78.76,81.05,72.7,7.66,0,79.85,22,LOW
76.95,80.4,80.75,7.09,0,79.44,24,LOW
76.16,84.2,71.04,8.04,0,72.45,21,LOW
80.86,83.37,85.38,7.39,0,87.17,20,LOW
92.43,77.98,74.36,8.17,0,53.68,18,LOW
74.17,50.98,52.1,6.43,0,49.46,38,LOW
84.49,69.11,78.56,7.9,0,67.67,22,LOW
67.17,49.64,46.34,5.1,3,43.43,71,HIGH
89.18,92.02,85.62,9.3,0,99.72,9,LOW
57.8,54.04,62.24,6.61,0,57.86,40,LOW
65.87,63.69,60.77,6.4,0,56.98,36,LOW
73.59,76.05,66.98,8.1,0,81.91,24,LOW
78.2,73.6,84.87,7.26,1,68.68,33,LOW
63.28,46.24,68.41,7.83,1,71.86,43,LOW
76.87,70.17,73.67,8.22,0,48.41,24,LOW
65.25,61.62,58.57,6.32,1,56.06,46,MEDIUM
73.58,68.09,63.05,6.99,1,50.62,40,LOW
78.66,81.35,66.04,7.93,0,66.15,23,LOW
64.56,71.45,57.17,7.31,2,59.9,49,MEDIUM
39.08,46.84,53.79,5.77,1,38.26,60,MEDIUM
89.31,83.24,76.88,7.45,0,61.91,19,LOW
64.95,69.07,70.6,7.01,1,70.88,40,LOW
86.47,72.19,79.78,8.84,0,70.56,17,LOW
71.44,79.11,81.8,7.11,0,80.12,25,LOW
77.66,61.48,62.73,5.67,0,47.97,36,LOW
70.73,65.13,56.33,7.26,0,33.97,33,LOW
81.45,72.82,69.46,8.26,0,75.11,22,LOW
86.65,65.75,70.57,7.95,0,65.0,23,LOW
93.47,63.57,81.43,7.91,0,58.55,20,LOW
88.53,64.46,93.04,7.65,0,74.9,20,LOW
85.95,94.01,100,8.46,0,89.67,11,LOW
72.47,55.82,70.97,7.34,1,45.98,41,LOW
83.4,70.48,75.16,7.58,0,53.71,24,LOW
58.36,53.61,68.54,7.35,0,47.61,37,LOW
89.67,82.39,97.41,9.01,0,67.49,11,LOW
86.59,84.09,95.91,8.81,0,91.21,12,LOW
50.15,29.69,53.94,4.39,1,44.3,65,MEDIUM
82.98,75.22,87.96,7.14,0,73.32,22,LOW
95.46,82.65,85.4,9.48,0,70.24,9,LOW
86.92,88.81,93.42,8.49,0,100,12,LOW
76.56,71.18,65.53,7.04,1,46.46,38,LOW
80.98,88.47,76.11,7.66,0,67.7,20,LOW
70.6,73.47,70.23,6.12,2,52.21,50,MEDIUM
77.94,68.05,72.91,8.2,0,74.65,24,LOW
85.11,85.75,84.65,7.41,0,53.99,20,LOW
88.37,82.65,74.81,7.62,0,69.15,19,LOW
84.0,69.43,73.01,7.86,0,49.23,24,LOW
81.32,79.57,88.76,6.94,0,47.56,23,LOW
58.25,49.63,57.37,6.03,4,28.21,79,HIGH
91.66,77.34,98.22,9.53,0,74.01,10,LOW
74.59,85.94,70.2,7.61,0,68.27,23,LOW
46.94,36.52,54.74,6.11,4,32.29,85,HIGH
92.53,89.05,91.72,9.34,0,98.0,7,LOW
48.01,49.79,49.85,5.98,2,33.4,66,MEDIUM
58.6,53.04,54.46,4.84,2,53.33,64,MEDIUM
64.32,53.24,63.54,7.36,0,67.63,35,LOW
68.43,61.69,57.9,6.27,1,43.25,46,MEDIUM
87.01,93.29,85.42,9.44,0,77.11,10,LOW
99.41,82.49,93.48,9.37,0,72.74,8,LOW
68.26,49.6,69.85,7.06,0,59.1,35,LOW
88.86,71.86,79.57,7.34,0,72.58,22,LOW
72.31,81.34,87.0,7.79,0,65.13,22,LOW
64.22,54.69,70.72,6.83,0,34.59,37,LOW
87.5,83.14,74.55,7.92,0,56.29,19,LOW
83.17,86.13,96.82,9.91,0,93.71,8,LOW
75.79,68.13,74.46,8.53,0,84.09,22,LOW
66.4,63.47,54.14,6.95,1,58.54,44,LOW
77.44,63.92,85.22,7.2,1,50.61,36,LOW
92.64,70.43,81.64,7.33,0,53.26,21,LOW
100,89.4,98.49,9.24,0,100,5,LOW
86.17,72.51,77.02,8.04,1,68.26,29,LOW
81.49,71.72,80.14,8.42,0,72.62,20,LOW
81.96,68.54,83.19,7.98,0,69.35,22,LOW
77.74,70.69,78.27,7.47,0,64.2,25,LOW
68.24,59.95,78.12,6.0,0,49.3,36,LOW
83.88,70.96,76.99,6.75,1,62.82,35,LOW
66.49,67.75,54.73,6.61,1,59.73,44,LOW
69.79,70.56,61.6,6.55,0,51.73,33,LOW
86.68,81.11,85.33,7.81,1,84.64,26,LOW
91.06,67.23,87.73,8.61,0,55.57,17,LOW
87.22,100,90.14,9.62,0,79.36,7,LOW
60.34,58.16,75.16,7.32,1,61.55,43,LOW
81.05,75.2,91.25,7.51,0,65.39,21,LOW
93.14,68.74,80.86,8.22,0,86.73,17,LOW
67.62,65.03,62.39,6.95,0,46.02,34,LOW
77.63,75.36,72.08,7.25,0,57.76,26,LOW
68.18,66.46,62.26,6.88,2,33.3,51,MEDIUM
72.15,61.51,67.53,6.73,0,44.47,34,LOW
47.3,47.62,52.33,5.74,3,13.91,76,HIGH
92.76,92.36,86.85,9.31,0,78.63,8,LOW
77.95,67.36,69.2,6.92,1,51.24,38,LOW
59.09,52.14,76.91,7.42,0,57.69,35,LOW
79.8,81.16,83.52,8.11,0,76.29,19,LOW
78.41,78.72,88.3,8.74,0,70.45,17,LOW
94.26,98.61,90.07,8.96,0,78.74,7,LOW
60.89,69.12,60.78,5.98,0,60.15,38,LOW
48.2,42.78,35.94,5.7,1,38.16,61,MEDIUM
57.16,65.9,67.16,6.95,0,55.95,36,LOW
85.47,78.69,74.69,8.65,0,60.22,18,LOW
91.37,81.18,93.01,8.82,0,74.05,12,LOW
96.8,93.24,82.9,10.0,0,75.64,5,LOW
78.27,63.8,75.91,6.78,0,47.83,30,LOW
82.4,66.4,84.53,8.33,0,66.09,21,LOW
47.36,44.78,37.18,6.75,3,27.71,75,HIGH
74.57,73.25,85.61,7.71,0,73.99,23,LOW
84.72,62.89,68.19,7.08,0,54.68,28,LOW
62.36,53.42,68.75,5.95,1,45.89,49,MEDIUM
78.04,68.43,79.65,8.1,0,66.12,23,LOW
78.97,78.66,75.08,7.84,0,50.2,23,LOW
69.75,62.17,74.37,6.29,0,53.6,34,LOW
85.01,80.38,93.9,9.19,0,100,12,LOW
70.05,63.82,69.96,7.32,0,44.52,31,LOW
61.51,60.79,70.54,6.47,0,63.05,37,LOW
61.4,57.24,67.23,6.64,2,52.58,55,MEDIUM
52.45,37.29,46.63,4.6,1,44.37,63,MEDIUM
75.57,60.28,73.69,6.27,1,43.99,42,LOW
77.79,77.96,82.22,8.53,1,61.71,28,LOW
89.76,97.71,100,8.92,0,99.52,7,LOW
84.43,64.83,72.09,7.46,0,63.81,25,LOW
84.39,64.95,87.5,7.64,0,52.72,23,LOW
56.14,40.48,51.63,5.24,2,40.47,67,MEDIUM
62.47,53.27,71.67,6.5,1,46.38,47,MEDIUM
84.45,89.76,87.73,9.69,0,84.11,10,LOW
56.27,48.92,57.35,4.74,3,29.28,75,HIGH
64.36,64.8,66.64,6.41,2,62.89,53,MEDIUM
75.01,59.76,56.28,7.43,0,48.86,32,LOW
74.07,78.7,78.0,8.02,0,63.89,23,LOW
78.91,74.24,85.02,7.28,0,50.23,25,LOW
82.8,82.12,83.37,7.64,1,86.09,28,LOW
82.51,81.52,80.45,7.3,0,69.76,22,LOW
59.29,27.87,49.77,4.67,1,34.04,63,MEDIUM
90.78,81.46,91.52,10.0,0,90.69,8,LOW
74.7,65.75,60.64,6.52,1,66.67,41,LOW
85.62,81.93,74.34,7.78,0,83.12,19,LOW
91.54,85.35,97.56,9.93,0,68.58,7,LOW
79.18,75.24,81.58,7.58,0,87.36,22,LOW
65.99,58.06,63.42,6.74,0,56.46,36,LOW
88.52,100,86.69,9.42,0,88.54,7,LOW
67.75,48.88,55.17,6.32,1,51.18,49,MEDIUM
68.3,66.68,58.69,6.95,0,45.32,34,LOW
66.79,58.61,59.31,5.91,0,52.37,39,LOW
80.55,77.21,92.48,7.98,0,63.61,19,LOW
60.22,67.31,56.32,7.01,1,46.03,45,LOW
67.54,56.48,51.11,6.6,0,54.88,38,LOW
88.53,81.29,77.42,8.19,0,41.91,18,LOW
79.07,82.01,77.73,7.8,0,54.87,22,LOW
56.94,47.14,59.33,6.45,0,63.13,42,LOW
85.67,76.46,69.52,7.51,0,48.79,23,LOW
80.57,51.89,63.91,6.6,0,53.33,34,LOW
82.61,57.41,75.61,6.65,1,48.63,39,LOW
85.89,66.5,73.93,7.31,0,64.24,25,LOW
71.45,69.57,57.22,7.5,2,48.12,48,MEDIUM
69.11,67.72,68.11,7.48,0,63.01,30,LOW
80.92,49.06,76.94,6.43,1,45.93,42,LOW
60.64,58.6,65.87,6.54,0,52.34,38,LOW
78.08,85.96,85.33,6.9,0,54.87,23,LOW
77.12,66.6,78.49,7.36,0,83.59,26,LOW
72.44,55.45,65.95,6.48,0,54.23,35,LOW
87.88,76.53,88.03,8.04,0,62.61,18,LOW
85.03,73.91,75.31,7.8,0,45.48,22,LOW
79.53,65.99,76.02,6.82,1,39.32,38,LOW
73.51,67.08,67.28,6.7,1,47.11,41,LOW
39.75,35.22,47.56,4.95,1,46.48,66,MEDIUM
96.39,90.62,86.36,9.7,0,99.05,5,LOW
95.2,85.97,91.61,10.0,0,97.71,5,LOW
55.04,41.33,54.38,5.59,1,58.33,56,MEDIUM
86.75,65.06,89.75,7.98,0,67.32,20,LOW
79.9,66.55,58.18,6.64,1,53.97,40,LOW
62.87,67.49,61.38,6.54,1,40.46,45,LOW
61.69,46.53,58.35,6.69,2,30.2,59,MEDIUM
77.13,83.93,80.06,7.6,0,48.79,23,LOW
78.23,76.26,75.13,8.22,0,75.12,21,LOW
83.0,66.55,72.26,7.38,0,59.77,26,LOW
82.68,69.67,76.51,8.0,0,44.15,23,LOW
72.57,58.45,64.41,7.32,0,53.5,32,LOW
81.75,96.89,91.14,9.55,0,76.4,9,LOW
80.13,53.24,59.64,7.22,0,52.18,32,LOW
92.48,66.91,69.92,8.32,0,45.1,21,LOW
92.07,84.43,84.29,9.04,0,62.86,12,LOW
78.58,66.1,63.8,6.73,0,51.67,31,LOW
90.98,63.74,76.65,7.59,0,52.82,23,LOW
83.96,74.91,74.18,8.05,0,77.19,20,LOW
84.25,100,94.15,8.4,0,79.02,11,LOW
80.9,71.12,87.77,7.59,0,73.12,22,LOW
68.93,66.9,76.16,7.58,2,44.41,46,MEDIUM
80.7,83.94,82.69,7.79,0,76.25,19,LOW
74.94,67.95,71.94,7.44,0,67.38,27,LOW
96.7,94.76,97.04,9.44,0,91.04,4,LOW
91.62,73.13,87.92,7.78,0,81.3,18,LOW
73.16,65.37,60.05,5.98,0,72.29,35,LOW
82.77,76.23,69.63,6.97,0,63.17,25,LOW
77.61,77.67,87.46,7.73,0,64.82,22,LOW
83.02,83.27,92.61,8.81,0,82.28,14,LOW
80.5,78.47,70.67,8.18,0,45.95,22,LOW
61.47,52.34,53.36,5.43,1,42.33,54,MEDIUM
64.45,35.97,39.42,6.78,4,44.8,79,HIGH
63.96,46.54,65.63,6.13,1,52.49,50,MEDIUM
86.33,80.17,87.12,7.36,0,66.76,20,LOW
78.53,73.72,60.39,5.64,0,53.11,33,LOW
84.19,70.46,87.69,8.31,0,67.23,19,LOW
